ds,call_center,target
2018-01-02,Call center 1,44.0
2018-01-02,Call center 2,38464.0
2018-01-03,Call center 2,33943.0
2018-01-04,Call center 1,0.0
2018-01-04,Call center 2,33604.0
2018-01-05,Call center 2,32422.0
2018-01-06,Call center 1,160.0
2018-01-06,Call center 2,17152.0
2018-01-08,Call center 1,0.0
2018-01-08,Call center 2,38021.0
2018-01-09,Call center 2,30508.0
2018-01-10,Call center 2,29971.0
2018-01-11,Call center 2,28431.0
2018-01-12,Call center 1,0.0
2018-01-12,Call center 2,27483.0
2018-01-13,Call center 2,13279.0
2018-01-13,Call center 1,885.0
2018-01-15,Call center 2,32631.0
2018-01-16,Call center 1,0.0
2018-01-16,Call center 2,27109.0
2018-01-17,Call center 2,28060.0
2018-01-18,Call center 2,26262.0
2018-01-19,Call center 2,25502.0
2018-01-20,Call center 2,12543.0
2018-01-20,Call center 1,627.0
2018-01-22,Call center 2,31115.0
2018-01-23,Call center 1,0.0
2018-01-23,Call center 2,25577.0
2018-01-24,Call center 1,0.0
2018-01-24,Call center 2,26278.0
2018-01-25,Call center 2,24772.0
2018-01-26,Call center 2,25399.0
2018-01-27,Call center 2,14667.0
2018-01-27,Call center 1,144.0
2018-01-29,Call center 2,31928.0
2018-01-30,Call center 2,28783.0
2018-01-31,Call center 2,28593.0
2018-02-01,Call center 1,0.0
2018-02-01,Call center 2,28155.0
2018-02-02,Call center 1,0.0
2018-02-02,Call center 2,25748.0
2018-02-03,Call center 1,678.0
2018-02-03,Call center 2,13377.0
2018-02-05,Call center 2,31691.0
2018-02-06,Call center 1,0.0
2018-02-06,Call center 2,28189.0
2018-02-07,Call center 1,0.0
2018-02-07,Call center 2,28282.0
2018-02-08,Call center 2,25553.0
2018-02-08,Call center 1,0.0
2018-02-09,Call center 2,23296.0
2018-02-10,Call center 1,810.0
2018-02-10,Call center 2,12469.0
2018-02-11,Call center 3,1.0
2018-02-12,Call center 1,0.0
2018-02-12,Call center 2,28992.0
2018-02-13,Call center 2,24824.0
2018-02-13,Call center 1,0.0
2018-02-14,Call center 1,0.0
2018-02-14,Call center 2,26261.0
2018-02-15,Call center 2,29075.0
2018-02-16,Call center 2,26419.0
2018-02-17,Call center 1,1973.0
2018-02-17,Call center 2,11955.0
2018-02-19,Call center 2,32296.0
2018-02-20,Call center 2,26545.0
2018-02-21,Call center 2,27744.0
2018-02-22,Call center 2,26698.0
2018-02-23,Call center 2,25665.0
2018-02-24,Call center 1,1964.0
2018-02-24,Call center 2,12016.0
2018-02-26,Call center 2,32664.0
2018-02-27,Call center 2,27101.0
2018-02-28,Call center 1,0.0
2018-02-28,Call center 2,27944.0
2018-03-01,Call center 2,28245.0
2018-03-02,Call center 2,29064.0
2018-03-03,Call center 1,643.0
2018-03-03,Call center 2,15028.0
2018-03-05,Call center 2,36134.0
2018-03-06,Call center 1,0.0
2018-03-06,Call center 2,31371.0
2018-03-07,Call center 2,31801.0
2018-03-08,Call center 2,26994.0
2018-03-08,Call center 1,8.0
2018-03-09,Call center 2,26926.0
2018-03-10,Call center 1,711.0
2018-03-10,Call center 2,15392.0
2018-03-12,Call center 2,35628.0
2018-03-13,Call center 1,0.0
2018-03-13,Call center 2,29780.0
2018-03-14,Call center 1,23.0
2018-03-14,Call center 2,29183.0
2018-03-15,Call center 1,0.0
2018-03-15,Call center 2,28586.0
2018-03-16,Call center 2,26600.0
2018-03-17,Call center 1,688.0
2018-03-17,Call center 2,13181.0
2018-03-19,Call center 2,32906.0
2018-03-20,Call center 2,26393.0
2018-03-21,Call center 2,26983.0
2018-03-21,Call center 1,0.0
2018-03-22,Call center 2,26267.0
2018-03-23,Call center 2,25044.0
2018-03-24,Call center 1,96.0
2018-03-24,Call center 2,12481.0
2018-03-26,Call center 2,31227.0
2018-03-27,Call center 1,0.0
2018-03-27,Call center 2,28100.0
2018-03-28,Call center 2,28035.0
2018-03-29,Call center 2,27131.0
2018-03-30,Call center 1,0.0
2018-03-30,Call center 2,23123.0
2018-03-31,Call center 1,1087.0
2018-03-31,Call center 2,10672.0
2018-04-02,Call center 1,14.0
2018-04-02,Call center 2,7277.0
2018-04-03,Call center 2,37966.0
2018-04-04,Call center 2,34176.0
2018-04-05,Call center 2,29344.0
2018-04-06,Call center 2,25863.0
2018-04-07,Call center 1,97.0
2018-04-07,Call center 2,12605.0
2018-04-09,Call center 1,0.0
2018-04-09,Call center 2,33396.0
2018-04-10,Call center 1,0.0
2018-04-10,Call center 2,27997.0
2018-04-11,Call center 2,30420.0
2018-04-12,Call center 1,0.0
2018-04-12,Call center 2,26583.0
2018-04-13,Call center 2,25082.0
2018-04-14,Call center 1,716.0
2018-04-14,Call center 2,13121.0
2018-04-16,Call center 2,31410.0
2018-04-17,Call center 2,25935.0
2018-04-18,Call center 2,26195.0
2018-04-19,Call center 2,24968.0
2018-04-20,Call center 1,8.0
2018-04-20,Call center 2,22782.0
2018-04-21,Call center 1,4123.0
2018-04-21,Call center 2,7041.0
2018-04-23,Call center 2,30144.0
2018-04-24,Call center 2,26283.0
2018-04-24,Call center 1,0.0
2018-04-25,Call center 2,27467.0
2018-04-26,Call center 2,25900.0
2018-04-27,Call center 2,23771.0
2018-04-28,Call center 1,1398.0
2018-04-28,Call center 2,11464.0
2018-04-30,Call center 2,32474.0
2018-05-02,Call center 2,37772.0
2018-05-03,Call center 2,30971.0
2018-05-03,Call center 1,0.0
2018-05-04,Call center 2,28101.0
2018-05-05,Call center 1,41.0
2018-05-05,Call center 2,12781.0
2018-05-07,Call center 2,30033.0
2018-05-09,Call center 1,0.0
2018-05-09,Call center 2,35168.0
2018-05-10,Call center 1,0.0
2018-05-11,Call center 2,34654.0
2018-05-12,Call center 1,595.0
2018-05-12,Call center 2,11844.0
2018-05-14,Call center 1,0.0
2018-05-14,Call center 2,47778.0
2018-05-15,Call center 1,0.0
2018-05-15,Call center 2,36990.0
2018-05-16,Call center 2,32050.0
2018-05-17,Call center 2,27525.0
2018-05-17,Call center 1,0.0
2018-05-18,Call center 1,15.0
2018-05-18,Call center 2,24551.0
2018-05-19,Call center 1,590.0
2018-05-19,Call center 2,11245.0
2018-05-21,Call center 1,2.0
2018-05-21,Call center 2,13227.0
2018-05-22,Call center 1,31.0
2018-05-22,Call center 2,35756.0
2018-05-23,Call center 2,31133.0
2018-05-24,Call center 1,0.0
2018-05-24,Call center 2,27823.0
2018-05-25,Call center 1,34.0
2018-05-25,Call center 2,24503.0
2018-05-26,Call center 1,66.0
2018-05-26,Call center 2,12812.0
2018-05-27,Call center 1,3.0
2018-05-28,Call center 2,33564.0
2018-05-29,Call center 2,28663.0
2018-05-30,Call center 2,29916.0
2018-05-31,Call center 1,0.0
2018-05-31,Call center 2,29258.0
2018-06-01,Call center 2,26808.0
2018-06-02,Call center 1,2799.0
2018-06-02,Call center 2,10970.0
2018-06-03,Call center 1,3.0
2018-06-04,Call center 2,36286.0
2018-06-05,Call center 2,29751.0
2018-06-06,Call center 1,0.0
2018-06-06,Call center 2,30251.0
2018-06-07,Call center 1,0.0
2018-06-07,Call center 2,26718.0
2018-06-08,Call center 2,26070.0
2018-06-08,Call center 1,0.0
2018-06-09,Call center 1,1739.0
2018-06-09,Call center 2,11774.0
2018-06-11,Call center 2,34955.0
2018-06-12,Call center 2,29954.0
2018-06-13,Call center 2,30500.0
2018-06-14,Call center 1,0.0
2018-06-14,Call center 2,28372.0
2018-06-15,Call center 2,28401.0
2018-06-16,Call center 1,1843.0
2018-06-16,Call center 2,10945.0
2018-06-18,Call center 2,34057.0
2018-06-19,Call center 1,0.0
2018-06-19,Call center 2,27960.0
2018-06-20,Call center 1,0.0
2018-06-20,Call center 2,27898.0
2018-06-21,Call center 2,24765.0
2018-06-22,Call center 2,24661.0
2018-06-23,Call center 1,582.0
2018-06-23,Call center 2,12179.0
2018-06-25,Call center 2,32249.0
2018-06-26,Call center 2,25887.0
2018-06-27,Call center 2,27586.0
2018-06-28,Call center 1,0.0
2018-06-28,Call center 2,27610.0
2018-06-29,Call center 2,26164.0
2018-06-30,Call center 1,1174.0
2018-06-30,Call center 2,10785.0
2018-07-02,Call center 2,37199.0
2018-07-03,Call center 1,0.0
2018-07-03,Call center 2,30975.0
2018-07-04,Call center 2,30189.0
2018-07-05,Call center 2,30384.0
2018-07-06,Call center 2,25176.0
2018-07-06,Call center 1,0.0
2018-07-07,Call center 1,94.0
2018-07-07,Call center 2,13928.0
2018-07-09,Call center 2,40220.0
2018-07-10,Call center 2,28337.0
2018-07-11,Call center 2,29307.0
2018-07-12,Call center 2,28584.0
2018-07-13,Call center 2,24360.0
2018-07-14,Call center 3,2.0
2018-07-14,Call center 1,0.0
2018-07-16,Call center 2,35167.0
2018-07-17,Call center 3,0.0
2018-07-17,Call center 2,30200.0
2018-07-18,Call center 2,30938.0
2018-07-19,Call center 2,28810.0
2018-07-20,Call center 2,26728.0
2018-07-21,Call center 2,11910.0
2018-07-21,Call center 1,982.0
2018-07-23,Call center 2,33211.0
2018-07-24,Call center 2,26244.0
2018-07-25,Call center 1,35.0
2018-07-25,Call center 2,26292.0
2018-07-26,Call center 2,25664.0
2018-07-27,Call center 1,0.0
2018-07-27,Call center 2,24398.0
2018-07-28,Call center 1,54.0
2018-07-28,Call center 2,12575.0
2018-07-30,Call center 2,36903.0
2018-07-31,Call center 1,0.0
2018-07-31,Call center 2,28836.0
2018-08-01,Call center 2,28662.0
2018-08-02,Call center 2,25928.0
2018-08-03,Call center 2,24246.0
2018-08-04,Call center 2,10903.0
2018-08-04,Call center 1,70.0
2018-08-06,Call center 2,30754.0
2018-08-07,Call center 1,0.0
2018-08-07,Call center 2,28691.0
2018-08-08,Call center 1,0.0
2018-08-08,Call center 2,27766.0
2018-08-09,Call center 2,26268.0
2018-08-10,Call center 2,25622.0
2018-08-10,Call center 1,0.0
2018-08-11,Call center 1,1310.0
2018-08-11,Call center 2,10906.0
2018-08-13,Call center 1,28.0
2018-08-13,Call center 2,31294.0
2018-08-14,Call center 1,0.0
2018-08-14,Call center 2,24113.0
2018-08-16,Call center 2,32986.0
2018-08-17,Call center 2,27602.0
2018-08-17,Call center 1,0.0
2018-08-18,Call center 1,1362.0
2018-08-18,Call center 2,9800.0
2018-08-20,Call center 2,36275.0
2018-08-21,Call center 2,29735.0
2018-08-22,Call center 2,30107.0
2018-08-23,Call center 2,31726.0
2018-08-24,Call center 2,31550.0
2018-08-25,Call center 1,2987.0
2018-08-25,Call center 2,15747.0
2018-08-27,Call center 2,48730.0
2018-08-28,Call center 2,39643.0
2018-08-29,Call center 1,0.0
2018-08-29,Call center 2,42946.0
2018-08-30,Call center 2,40789.0
2018-08-31,Call center 2,40094.0
2018-09-01,Call center 1,19424.0
2018-09-03,Call center 2,46737.0
2018-09-04,Call center 2,35345.0
2018-09-05,Call center 2,36117.0
2018-09-06,Call center 2,35095.0
2018-09-07,Call center 2,33067.0
2018-09-08,Call center 1,16447.0
2018-09-10,Call center 2,37849.0
2018-09-11,Call center 2,30532.0
2018-09-12,Call center 2,29721.0
2018-09-13,Call center 2,29350.0
2018-09-14,Call center 2,29968.0
2018-09-15,Call center 1,15252.0
2018-09-16,Call center 3,1.0
2018-09-17,Call center 2,36026.0
2018-09-18,Call center 1,0.0
2018-09-18,Call center 2,30030.0
2018-09-19,Call center 2,31063.0
2018-09-20,Call center 2,27606.0
2018-09-21,Call center 2,28575.0
2018-09-22,Call center 1,16344.0
2018-09-24,Call center 2,35652.0
2018-09-25,Call center 2,29124.0
2018-09-26,Call center 2,30856.0
2018-09-27,Call center 1,0.0
2018-09-27,Call center 2,29523.0
2018-09-28,Call center 2,28594.0
2018-09-29,Call center 1,15374.0
2018-10-01,Call center 2,37602.0
2018-10-02,Call center 2,31065.0
2018-10-03,Call center 2,34879.0
2018-10-04,Call center 2,34012.0
2018-10-05,Call center 1,0.0
2018-10-05,Call center 2,33926.0
2018-10-06,Call center 2,57.0
2018-10-06,Call center 1,18282.0
2018-10-07,Call center 1,26.0
2018-10-08,Call center 2,44350.0
2018-10-09,Call center 1,0.0
2018-10-09,Call center 2,34446.0
2018-10-10,Call center 2,33420.0
2018-10-11,Call center 1,0.0
2018-10-11,Call center 2,33705.0
2018-10-12,Call center 1,0.0
2018-10-12,Call center 2,28715.0
2018-10-13,Call center 1,13194.0
2018-10-13,Call center 2,61.0
2018-10-14,Call center 1,18.0
2018-10-15,Call center 1,1466.0
2018-10-15,Call center 2,34039.0
2018-10-16,Call center 2,28272.0
2018-10-16,Call center 1,36.0
2018-10-17,Call center 1,0.0
2018-10-17,Call center 2,27293.0
2018-10-18,Call center 1,0.0
2018-10-18,Call center 2,27963.0
2018-10-19,Call center 1,1.0
2018-10-19,Call center 2,26831.0
2018-10-20,Call center 2,49.0
2018-10-20,Call center 1,12779.0
2018-10-21,Call center 1,16.0
2018-10-22,Call center 2,30050.0
2018-10-23,Call center 1,16.0
2018-10-23,Call center 2,26100.0
2018-10-24,Call center 1,16.0
2018-10-24,Call center 2,27208.0
2018-10-25,Call center 1,0.0
2018-10-25,Call center 2,25145.0
2018-10-26,Call center 2,25966.0
2018-10-27,Call center 1,14716.0
2018-10-27,Call center 2,28.0
2018-10-28,Call center 1,20.0
2018-10-29,Call center 2,34712.0
2018-10-30,Call center 1,0.0
2018-10-30,Call center 2,26988.0
2018-10-31,Call center 1,0.0
2018-10-31,Call center 2,25715.0
2018-11-01,Call center 2,15.0
2018-11-01,Call center 3,1.0
2018-11-01,Call center 1,0.0
2018-11-02,Call center 2,34703.0
2018-11-03,Call center 1,14221.0
2018-11-03,Call center 2,0.0
2018-11-04,Call center 1,8.0
2018-11-05,Call center 2,41123.0
2018-11-06,Call center 2,34874.0
2018-11-06,Call center 1,0.0
2018-11-07,Call center 2,36535.0
2018-11-08,Call center 1,19.0
2018-11-08,Call center 2,30161.0
2018-11-09,Call center 2,30728.0
2018-11-10,Call center 1,18878.0
2018-11-10,Call center 2,13.0
2018-11-11,Call center 1,8.0
2018-11-12,Call center 1,0.0
2018-11-12,Call center 2,38985.0
2018-11-13,Call center 1,0.0
2018-11-13,Call center 2,30518.0
2018-11-14,Call center 2,32098.0
2018-11-15,Call center 1,0.0
2018-11-15,Call center 2,30696.0
2018-11-16,Call center 2,26934.0
2018-11-16,Call center 1,0.0
2018-11-17,Call center 1,11613.0
2018-11-17,Call center 2,13.0
2018-11-18,Call center 1,5.0
2018-11-19,Call center 2,31484.0
2018-11-20,Call center 2,26677.0
2018-11-21,Call center 1,0.0
2018-11-21,Call center 2,27419.0
2018-11-22,Call center 1,0.0
2018-11-22,Call center 2,25621.0
2018-11-23,Call center 1,0.0
2018-11-23,Call center 2,28510.0
2018-11-24,Call center 1,14406.0
2018-11-24,Call center 2,14.0
2018-11-25,Call center 3,0.0
2018-11-25,Call center 1,6.0
2018-11-26,Call center 2,35505.0
2018-11-27,Call center 3,1.0
2018-11-27,Call center 1,0.0
2018-11-27,Call center 2,28042.0
2018-11-28,Call center 1,0.0
2018-11-28,Call center 2,30864.0
2018-11-29,Call center 1,0.0
2018-11-29,Call center 2,27753.0
2018-11-30,Call center 1,0.0
2018-11-30,Call center 2,27662.0
2018-12-01,Call center 1,13630.0
2018-12-01,Call center 2,6.0
2018-12-02,Call center 1,10.0
2018-12-03,Call center 2,34187.0
2018-12-04,Call center 1,0.0
2018-12-04,Call center 2,30028.0
2018-12-05,Call center 2,30871.0
2018-12-06,Call center 2,30886.0
2018-12-06,Call center 1,19.0
2018-12-07,Call center 1,16.0
2018-12-07,Call center 2,28731.0
2018-12-08,Call center 1,14986.0
2018-12-08,Call center 2,8.0
2018-12-09,Call center 1,7.0
2018-12-10,Call center 2,35161.0
2018-12-11,Call center 2,30016.0
2018-12-12,Call center 2,32640.0
2018-12-13,Call center 1,0.0
2018-12-13,Call center 2,30898.0
2018-12-14,Call center 1,20.0
2018-12-14,Call center 2,27303.0
2018-12-15,Call center 1,16617.0
2018-12-15,Call center 2,9.0
2018-12-16,Call center 1,3.0
2018-12-17,Call center 2,34380.0
2018-12-18,Call center 1,0.0
2018-12-18,Call center 2,26913.0
2018-12-19,Call center 1,0.0
2018-12-19,Call center 2,27992.0
2018-12-20,Call center 1,23.0
2018-12-20,Call center 2,24039.0
2018-12-21,Call center 2,23280.0
2018-12-22,Call center 1,14411.0
2018-12-22,Call center 2,9.0
2018-12-23,Call center 1,5.0
2018-12-24,Call center 2,14627.0
2018-12-25,Call center 1,103.0
2018-12-26,Call center 1,4.0
2018-12-26,Call center 2,28409.0
2018-12-27,Call center 2,30096.0
2018-12-27,Call center 1,0.0
2018-12-28,Call center 2,31171.0
2018-12-28,Call center 1,0.0
2018-12-29,Call center 1,15804.0
2018-12-29,Call center 2,14.0
2018-12-30,Call center 1,2.0
2018-12-31,Call center 2,18826.0
2019-01-02,Call center 1,0.0
2019-01-02,Call center 2,37192.0
2019-01-03,Call center 1,0.0
2019-01-03,Call center 2,31987.0
2019-01-04,Call center 1,0.0
2019-01-04,Call center 2,33885.0
2019-01-05,Call center 1,16512.0
2019-01-05,Call center 2,15.0
2019-01-06,Call center 1,3.0
2019-01-07,Call center 2,39122.0
2019-01-08,Call center 2,31592.0
2019-01-09,Call center 2,26776.0
2019-01-09,Call center 1,0.0
2019-01-10,Call center 1,0.0
2019-01-10,Call center 2,26646.0
2019-01-11,Call center 1,0.0
2019-01-11,Call center 2,25626.0
2019-01-12,Call center 1,14241.0
2019-01-12,Call center 2,21.0
2019-01-13,Call center 1,6.0
2019-01-14,Call center 2,30698.0
2019-01-15,Call center 2,25830.0
2019-01-16,Call center 2,26736.0
2019-01-17,Call center 1,0.0
2019-01-17,Call center 2,26486.0
2019-01-18,Call center 1,0.0
2019-01-18,Call center 2,23856.0
2019-01-19,Call center 2,11.0
2019-01-19,Call center 1,13811.0
2019-01-20,Call center 1,1.0
2019-01-21,Call center 2,28485.0
2019-01-22,Call center 1,0.0
2019-01-22,Call center 2,24380.0
2019-01-23,Call center 2,24370.0
2019-01-24,Call center 2,23803.0
2019-01-25,Call center 1,0.0
2019-01-25,Call center 2,24310.0
2019-01-26,Call center 1,13519.0
2019-01-26,Call center 2,7.0
2019-01-27,Call center 1,9.0
2019-01-28,Call center 2,29564.0
2019-01-29,Call center 1,0.0
2019-01-29,Call center 2,24178.0
2019-01-30,Call center 2,26205.0
2019-01-30,Call center 1,124.0
2019-01-31,Call center 1,202.0
2019-01-31,Call center 2,22625.0
2019-02-01,Call center 1,116.0
2019-02-01,Call center 2,23991.0
2019-02-02,Call center 1,13200.0
2019-02-03,Call center 1,7.0
2019-02-04,Call center 1,225.0
2019-02-04,Call center 2,30112.0
2019-02-05,Call center 1,1.0
2019-02-05,Call center 2,20490.0
2019-02-06,Call center 1,302.0
2019-02-06,Call center 2,27439.0
2019-02-07,Call center 1,241.0
2019-02-07,Call center 2,23916.0
2019-02-08,Call center 1,194.0
2019-02-08,Call center 2,22443.0
2019-02-09,Call center 3,0.0
2019-02-09,Call center 1,12684.0
2019-02-10,Call center 1,6.0
2019-02-11,Call center 1,136.0
2019-02-11,Call center 2,30337.0
2019-02-12,Call center 1,118.0
2019-02-12,Call center 2,23453.0
2019-02-13,Call center 1,222.0
2019-02-13,Call center 2,24456.0
2019-02-14,Call center 3,0.0
2019-02-14,Call center 1,225.0
2019-02-14,Call center 2,21962.0
2019-02-15,Call center 1,117.0
2019-02-15,Call center 2,23019.0
2019-02-16,Call center 3,0.0
2019-02-16,Call center 1,11650.0
2019-02-17,Call center 1,10.0
2019-02-18,Call center 2,28731.0
2019-02-18,Call center 1,132.0
2019-02-19,Call center 1,139.0
2019-02-19,Call center 2,24692.0
2019-02-20,Call center 3,0.0
2019-02-20,Call center 1,210.0
2019-02-20,Call center 2,23846.0
2019-02-21,Call center 3,0.0
2019-02-21,Call center 1,194.0
2019-02-21,Call center 2,21895.0
2019-02-22,Call center 3,1.0
2019-02-22,Call center 1,136.0
2019-02-22,Call center 2,21896.0
2019-02-23,Call center 1,10905.0
2019-02-23,Call center 2,8.0
2019-02-24,Call center 1,11.0
2019-02-25,Call center 1,132.0
2019-02-25,Call center 2,27902.0
2019-02-25,Call center 3,0.0
2019-02-26,Call center 3,0.0
2019-02-26,Call center 1,204.0
2019-02-26,Call center 2,22743.0
2019-02-27,Call center 1,144.0
2019-02-27,Call center 2,22456.0
2019-02-28,Call center 3,0.0
2019-02-28,Call center 1,181.0
2019-02-28,Call center 2,23687.0
2019-03-01,Call center 1,182.0
2019-03-01,Call center 2,23703.0
2019-03-02,Call center 1,13446.0
2019-03-03,Call center 1,4.0
2019-03-04,Call center 1,1158.0
2019-03-04,Call center 2,28546.0
2019-03-05,Call center 2,22673.0
2019-03-05,Call center 1,1002.0
2019-03-06,Call center 1,1238.0
2019-03-06,Call center 2,24416.0
2019-03-07,Call center 1,222.0
2019-03-07,Call center 2,25432.0
2019-03-08,Call center 1,157.0
2019-03-08,Call center 2,23260.0
2019-03-09,Call center 3,0.0
2019-03-09,Call center 1,13195.0
2019-03-09,Call center 2,12.0
2019-03-10,Call center 1,11.0
2019-03-11,Call center 3,0.0
2019-03-11,Call center 1,247.0
2019-03-11,Call center 2,31133.0
2019-03-12,Call center 1,131.0
2019-03-12,Call center 2,25163.0
2019-03-13,Call center 1,110.0
2019-03-13,Call center 2,27286.0
2019-03-14,Call center 2,24034.0
2019-03-14,Call center 1,99.0
2019-03-15,Call center 1,116.0
2019-03-15,Call center 2,24213.0
2019-03-16,Call center 1,12557.0
2019-03-16,Call center 2,5.0
2019-03-17,Call center 3,0.0
2019-03-17,Call center 1,10.0
2019-03-18,Call center 1,225.0
2019-03-18,Call center 2,30459.0
2019-03-19,Call center 3,0.0
2019-03-19,Call center 1,139.0
2019-03-19,Call center 2,23408.0
2019-03-20,Call center 1,202.0
2019-03-20,Call center 2,22226.0
2019-03-21,Call center 2,20564.0
2019-03-21,Call center 1,90.0
2019-03-22,Call center 1,155.0
2019-03-22,Call center 2,18227.0
2019-03-23,Call center 3,0.0
2019-03-23,Call center 1,10835.0
2019-03-23,Call center 2,8.0
2019-03-24,Call center 1,7.0
2019-03-25,Call center 1,117.0
2019-03-25,Call center 3,0.0
2019-03-25,Call center 2,26291.0
2019-03-26,Call center 3,0.0
2019-03-26,Call center 1,104.0
2019-03-26,Call center 2,22757.0
2019-03-27,Call center 1,111.0
2019-03-27,Call center 2,23347.0
2019-03-27,Call center 3,0.0
2019-03-28,Call center 2,21297.0
2019-03-28,Call center 1,123.0
2019-03-28,Call center 3,0.0
2019-03-29,Call center 1,109.0
2019-03-29,Call center 2,21440.0
2019-03-30,Call center 3,0.0
2019-03-30,Call center 1,10723.0
2019-03-30,Call center 2,10.0
2019-03-31,Call center 1,3.0
2019-04-01,Call center 3,0.0
2019-04-01,Call center 1,47.0
2019-04-01,Call center 2,25550.0
2019-04-02,Call center 3,1.0
2019-04-02,Call center 1,120.0
2019-04-02,Call center 2,23975.0
2019-04-03,Call center 1,76.0
2019-04-03,Call center 2,25781.0
2019-04-03,Call center 3,0.0
2019-04-04,Call center 1,123.0
2019-04-04,Call center 2,21125.0
2019-04-05,Call center 3,0.0
2019-04-05,Call center 1,103.0
2019-04-05,Call center 2,21438.0
2019-04-06,Call center 1,13211.0
2019-04-06,Call center 2,58.0
2019-04-07,Call center 1,12.0
2019-04-08,Call center 1,1496.0
2019-04-08,Call center 2,24689.0
2019-04-09,Call center 1,153.0
2019-04-09,Call center 2,21932.0
2019-04-10,Call center 1,68.0
2019-04-10,Call center 2,22643.0
2019-04-10,Call center 3,1.0
2019-04-11,Call center 1,1224.0
2019-04-11,Call center 2,20925.0
2019-04-11,Call center 3,0.0
2019-04-12,Call center 2,17388.0
2019-04-12,Call center 1,3094.0
2019-04-13,Call center 3,0.0
2019-04-13,Call center 1,11276.0
2019-04-13,Call center 2,18.0
2019-04-14,Call center 1,22.0
2019-04-15,Call center 1,68.0
2019-04-15,Call center 2,26339.0
2019-04-16,Call center 1,2353.0
2019-04-16,Call center 2,19831.0
2019-04-17,Call center 2,20079.0
2019-04-17,Call center 3,0.0
2019-04-17,Call center 1,44.0
2019-04-18,Call center 3,0.0
2019-04-18,Call center 1,2271.0
2019-04-18,Call center 2,17778.0
2019-04-19,Call center 2,17692.0
2019-04-19,Call center 1,39.0
2019-04-20,Call center 2,1.0
2019-04-20,Call center 1,8774.0
2019-04-21,Call center 1,20.0
2019-04-22,Call center 1,19.0
2019-04-23,Call center 1,5024.0
2019-04-23,Call center 2,26647.0
2019-04-24,Call center 1,3865.0
2019-04-24,Call center 2,20539.0
2019-04-25,Call center 1,99.0
2019-04-25,Call center 2,21356.0
2019-04-26,Call center 1,1258.0
2019-04-26,Call center 2,20130.0
2019-04-27,Call center 1,11730.0
2019-04-27,Call center 2,42.0
2019-04-28,Call center 3,0.0
2019-04-28,Call center 1,17.0
2019-04-29,Call center 2,25204.0
2019-04-29,Call center 1,2696.0
2019-04-30,Call center 1,2097.0
2019-04-30,Call center 2,19610.0
2019-05-01,Call center 1,33.0
2019-05-01,Call center 2,22.0
2019-05-02,Call center 3,2.0
2019-05-02,Call center 1,7955.0
2019-05-02,Call center 2,21632.0
2019-05-03,Call center 3,0.0
2019-05-03,Call center 1,3697.0
2019-05-03,Call center 2,19677.0
2019-05-04,Call center 3,0.0
2019-05-04,Call center 1,12863.0
2019-05-04,Call center 2,30.0
2019-05-05,Call center 1,37.0
2019-05-06,Call center 2,23703.0
2019-05-06,Call center 1,4706.0
2019-05-07,Call center 1,1447.0
2019-05-07,Call center 2,20774.0
2019-05-08,Call center 2,46.0
2019-05-09,Call center 3,1.0
2019-05-09,Call center 1,4899.0
2019-05-09,Call center 2,24315.0
2019-05-10,Call center 1,3678.0
2019-05-10,Call center 2,19457.0
2019-05-11,Call center 3,0.0
2019-05-11,Call center 1,12863.0
2019-05-11,Call center 2,39.0
2019-05-12,Call center 1,25.0
2019-05-13,Call center 2,22402.0
2019-05-13,Call center 1,4476.0
2019-05-14,Call center 1,1341.0
2019-05-14,Call center 2,20846.0
2019-05-14,Call center 3,0.0
2019-05-15,Call center 1,3945.0
2019-05-15,Call center 2,20141.0
2019-05-16,Call center 3,0.0
2019-05-16,Call center 1,3223.0
2019-05-16,Call center 2,17466.0
2019-05-17,Call center 1,89.0
2019-05-17,Call center 2,21493.0
2019-05-18,Call center 3,0.0
2019-05-18,Call center 1,12789.0
2019-05-18,Call center 2,39.0
2019-05-19,Call center 1,23.0
2019-05-20,Call center 3,0.0
2019-05-20,Call center 1,4518.0
2019-05-20,Call center 2,24342.0
2019-05-21,Call center 2,21510.0
2019-05-21,Call center 1,3766.0
2019-05-22,Call center 1,7897.0
2019-05-22,Call center 2,13847.0
2019-05-23,Call center 1,1290.0
2019-05-23,Call center 2,19134.0
2019-05-24,Call center 3,0.0
2019-05-24,Call center 1,5154.0
2019-05-24,Call center 2,14819.0
2019-05-25,Call center 3,0.0
2019-05-25,Call center 1,10956.0
2019-05-25,Call center 2,35.0
2019-05-26,Call center 1,17.0
2019-05-27,Call center 1,4131.0
2019-05-27,Call center 2,21842.0
2019-05-28,Call center 1,3696.0
2019-05-28,Call center 2,20270.0
2019-05-28,Call center 3,0.0
2019-05-29,Call center 2,18452.0
2019-05-29,Call center 3,0.0
2019-05-29,Call center 1,3594.0
2019-05-30,Call center 1,10.0
2019-05-30,Call center 2,27.0
2019-05-31,Call center 3,1.0
2019-05-31,Call center 1,160.0
2019-05-31,Call center 2,22272.0
2019-06-01,Call center 1,10115.0
2019-06-01,Call center 2,54.0
2019-06-02,Call center 1,14.0
2019-06-03,Call center 1,138.0
2019-06-03,Call center 2,29347.0
2019-06-04,Call center 1,114.0
2019-06-04,Call center 2,24393.0
2019-06-05,Call center 1,3730.0
2019-06-05,Call center 2,21683.0
2019-06-05,Call center 3,0.0
2019-06-06,Call center 1,4638.0
2019-06-06,Call center 2,21864.0
2019-06-07,Call center 1,4068.0
2019-06-07,Call center 2,20639.0
2019-06-08,Call center 1,12501.0
2019-06-08,Call center 2,40.0
2019-06-09,Call center 1,21.0
2019-06-11,Call center 3,2.0
2019-06-11,Call center 1,3539.0
2019-06-11,Call center 2,31634.0
2019-06-12,Call center 1,133.0
2019-06-12,Call center 2,30069.0
2019-06-13,Call center 1,1451.0
2019-06-13,Call center 2,23557.0
2019-06-14,Call center 2,18184.0
2019-06-14,Call center 1,5063.0
2019-06-15,Call center 2,23.0
2019-06-15,Call center 1,12827.0
2019-06-15,Call center 3,0.0
2019-06-16,Call center 1,23.0
2019-06-17,Call center 3,0.0
2019-06-17,Call center 1,8239.0
2019-06-17,Call center 2,21262.0
2019-06-18,Call center 3,0.0
2019-06-18,Call center 1,1350.0
2019-06-18,Call center 2,22294.0
2019-06-19,Call center 3,0.0
2019-06-19,Call center 1,9117.0
2019-06-19,Call center 2,18031.0
2019-06-20,Call center 1,3722.0
2019-06-20,Call center 2,22349.0
2019-06-21,Call center 1,2375.0
2019-06-21,Call center 2,19760.0
2019-06-22,Call center 2,29.0
2019-06-22,Call center 1,11332.0
2019-06-23,Call center 1,18.0
2019-06-24,Call center 3,0.0
2019-06-24,Call center 1,4024.0
2019-06-24,Call center 2,22747.0
2019-06-25,Call center 1,3616.0
2019-06-25,Call center 2,19764.0
2019-06-26,Call center 3,0.0
2019-06-26,Call center 1,3725.0
2019-06-26,Call center 2,20501.0
2019-06-27,Call center 3,0.0
2019-06-27,Call center 1,5635.0
2019-06-27,Call center 2,19084.0
2019-06-28,Call center 1,4432.0
2019-06-28,Call center 2,18986.0
2019-06-29,Call center 1,12222.0
2019-06-29,Call center 2,55.0
2019-06-29,Call center 3,0.0
2019-06-30,Call center 3,0.0
2019-06-30,Call center 1,18.0
2019-07-01,Call center 3,0.0
2019-07-01,Call center 1,8120.0
2019-07-01,Call center 2,24049.0
2019-07-02,Call center 1,8698.0
2019-07-02,Call center 2,18591.0
2019-07-03,Call center 2,21609.0
2019-07-03,Call center 1,5047.0
2019-07-04,Call center 3,0.0
2019-07-04,Call center 1,6347.0
2019-07-04,Call center 2,18471.0
2019-07-05,Call center 3,0.0
2019-07-05,Call center 1,7969.0
2019-07-05,Call center 2,15706.0
2019-07-06,Call center 2,49.0
2019-07-06,Call center 1,13199.0
2019-07-07,Call center 1,16.0
2019-07-08,Call center 1,11287.0
2019-07-08,Call center 2,23100.0
2019-07-09,Call center 1,4717.0
2019-07-09,Call center 2,23858.0
2019-07-10,Call center 3,0.0
2019-07-10,Call center 1,9342.0
2019-07-10,Call center 2,17433.0
2019-07-11,Call center 1,8284.0
2019-07-11,Call center 2,15392.0
2019-07-12,Call center 1,3157.0
2019-07-12,Call center 2,20657.0
2019-07-13,Call center 3,0.0
2019-07-13,Call center 1,11983.0
2019-07-13,Call center 2,47.0
2019-07-14,Call center 1,16.0
2019-07-15,Call center 2,20592.0
2019-07-15,Call center 3,0.0
2019-07-15,Call center 1,7538.0
2019-07-16,Call center 1,3416.0
2019-07-16,Call center 2,21940.0
2019-07-17,Call center 1,5763.0
2019-07-17,Call center 2,17934.0
2019-07-18,Call center 1,1251.0
2019-07-18,Call center 2,20268.0
2019-07-19,Call center 1,2862.0
2019-07-19,Call center 2,18201.0
2019-07-20,Call center 1,11047.0
2019-07-20,Call center 2,24.0
2019-07-21,Call center 1,17.0
2019-07-22,Call center 1,7705.0
2019-07-22,Call center 2,19587.0
2019-07-23,Call center 1,7472.0
2019-07-23,Call center 2,14515.0
2019-07-23,Call center 3,0.0
2019-07-24,Call center 1,4947.0
2019-07-24,Call center 2,17655.0
2019-07-25,Call center 1,4704.0
2019-07-25,Call center 2,14298.0
2019-07-26,Call center 1,7136.0
2019-07-26,Call center 2,13538.0
2019-07-27,Call center 1,12617.0
2019-07-27,Call center 3,0.0
2019-07-27,Call center 2,12.0
2019-07-28,Call center 1,19.0
2019-07-29,Call center 1,11089.0
2019-07-29,Call center 2,18354.0
2019-07-30,Call center 1,8918.0
2019-07-30,Call center 2,16484.0
2019-07-30,Call center 3,0.0
2019-07-31,Call center 2,21488.0
2019-07-31,Call center 1,4061.0
2019-08-01,Call center 1,8344.0
2019-08-01,Call center 2,16336.0
2019-08-02,Call center 1,8020.0
2019-08-02,Call center 2,13822.0
2019-08-03,Call center 1,11115.0
2019-08-03,Call center 2,25.0
2019-08-04,Call center 1,13.0
2019-08-05,Call center 3,0.0
2019-08-05,Call center 1,11136.0
2019-08-05,Call center 2,17359.0
2019-08-06,Call center 1,7829.0
2019-08-06,Call center 2,15859.0
2019-08-07,Call center 1,8796.0
2019-08-07,Call center 2,16167.0
2019-08-08,Call center 2,13956.0
2019-08-08,Call center 3,1.0
2019-08-08,Call center 1,7816.0
2019-08-09,Call center 1,7134.0
2019-08-09,Call center 2,13040.0
2019-08-10,Call center 1,12037.0
2019-08-10,Call center 2,36.0
2019-08-11,Call center 1,21.0
2019-08-12,Call center 3,0.0
2019-08-12,Call center 1,12008.0
2019-08-12,Call center 2,18450.0
2019-08-13,Call center 1,7536.0
2019-08-13,Call center 2,15278.0
2019-08-14,Call center 1,7478.0
2019-08-14,Call center 2,12548.0
2019-08-15,Call center 2,40.0
2019-08-15,Call center 1,1.0
2019-08-16,Call center 2,16405.0
2019-08-16,Call center 3,1.0
2019-08-16,Call center 1,10848.0
2019-08-17,Call center 1,12574.0
2019-08-17,Call center 2,51.0
2019-08-18,Call center 1,8.0
2019-08-19,Call center 3,0.0
2019-08-19,Call center 1,12463.0
2019-08-19,Call center 2,20825.0
2019-08-20,Call center 1,8600.0
2019-08-20,Call center 2,15383.0
2019-08-21,Call center 1,8160.0
2019-08-21,Call center 2,15211.0
2019-08-22,Call center 3,1.0
2019-08-22,Call center 1,7793.0
2019-08-22,Call center 2,13956.0
2019-08-23,Call center 1,7210.0
2019-08-23,Call center 2,13493.0
2019-08-23,Call center 3,0.0
2019-08-24,Call center 1,11426.0
2019-08-24,Call center 2,40.0
2019-08-25,Call center 1,12.0
2019-08-26,Call center 3,0.0
2019-08-26,Call center 1,10226.0
2019-08-26,Call center 2,18698.0
2019-08-27,Call center 2,17102.0
2019-08-27,Call center 1,8412.0
2019-08-28,Call center 3,0.0
2019-08-28,Call center 1,8466.0
2019-08-28,Call center 2,15622.0
2019-08-29,Call center 1,9715.0
2019-08-29,Call center 2,19869.0
2019-08-30,Call center 2,15025.0
2019-08-30,Call center 1,7599.0
2019-08-31,Call center 2,37.0
2019-08-31,Call center 3,0.0
2019-08-31,Call center 1,13091.0
2019-09-01,Call center 1,13.0
2019-09-02,Call center 3,0.0
2019-09-02,Call center 1,12072.0
2019-09-02,Call center 2,20184.0
2019-09-03,Call center 1,8742.0
2019-09-03,Call center 2,16653.0
2019-09-04,Call center 3,0.0
2019-09-04,Call center 1,8939.0
2019-09-04,Call center 2,18042.0
2019-09-05,Call center 3,0.0
2019-09-05,Call center 1,8675.0
2019-09-05,Call center 2,16220.0
2019-09-06,Call center 1,8997.0
2019-09-06,Call center 2,16299.0
2019-09-07,Call center 2,60.0
2019-09-07,Call center 3,0.0
2019-09-07,Call center 1,13969.0
2019-09-08,Call center 1,30.0
2019-09-09,Call center 3,0.0
2019-09-09,Call center 1,11705.0
2019-09-09,Call center 2,19165.0
2019-09-10,Call center 1,8671.0
2019-09-10,Call center 2,16315.0
2019-09-11,Call center 1,8685.0
2019-09-11,Call center 3,0.0
2019-09-11,Call center 2,16992.0
2019-09-12,Call center 2,14528.0
2019-09-12,Call center 1,8094.0
2019-09-13,Call center 2,16350.0
2019-09-13,Call center 1,5435.0
2019-09-13,Call center 3,0.0
2019-09-14,Call center 3,0.0
2019-09-14,Call center 1,12780.0
2019-09-14,Call center 2,22.0
2019-09-15,Call center 1,18.0
2019-09-16,Call center 1,11469.0
2019-09-16,Call center 2,19457.0
2019-09-17,Call center 1,8809.0
2019-09-17,Call center 2,16509.0
2019-09-18,Call center 1,9349.0
2019-09-18,Call center 2,17716.0
2019-09-19,Call center 3,0.0
2019-09-19,Call center 1,6102.0
2019-09-19,Call center 2,18335.0
2019-09-20,Call center 2,15296.0
2019-09-20,Call center 1,7587.0
2019-09-21,Call center 3,0.0
2019-09-21,Call center 1,11961.0
2019-09-21,Call center 2,26.0
2019-09-22,Call center 1,15.0
2019-09-23,Call center 1,8394.0
2019-09-23,Call center 2,24043.0
2019-09-24,Call center 1,6455.0
2019-09-24,Call center 2,21511.0
2019-09-25,Call center 1,10200.0
2019-09-25,Call center 2,21192.0
2019-09-26,Call center 3,0.0
2019-09-26,Call center 1,7383.0
2019-09-26,Call center 2,21609.0
2019-09-27,Call center 1,9298.0
2019-09-27,Call center 2,18848.0
2019-09-28,Call center 2,48.0
2019-09-28,Call center 1,15288.0
2019-09-29,Call center 1,14.0
2019-09-30,Call center 1,13030.0
2019-09-30,Call center 2,24202.0
2019-10-01,Call center 1,9976.0
2019-10-01,Call center 2,18370.0
2019-10-02,Call center 1,10154.0
2019-10-02,Call center 2,20455.0
2019-10-02,Call center 3,0.0
2019-10-03,Call center 1,8829.0
2019-10-03,Call center 2,15683.0
2019-10-04,Call center 1,8618.0
2019-10-04,Call center 2,17167.0
2019-10-05,Call center 1,15501.0
2019-10-05,Call center 2,71.0
2019-10-06,Call center 1,16.0
2019-10-07,Call center 2,22138.0
2019-10-07,Call center 1,7619.0
2019-10-08,Call center 1,8255.0
2019-10-08,Call center 2,16253.0
2019-10-09,Call center 1,8380.0
2019-10-09,Call center 2,17802.0
2019-10-10,Call center 1,8254.0
2019-10-10,Call center 2,15860.0
2019-10-11,Call center 1,8577.0
2019-10-11,Call center 2,15369.0
2019-10-12,Call center 3,0.0
2019-10-12,Call center 1,12682.0
2019-10-12,Call center 2,44.0
2019-10-13,Call center 1,21.0
2019-10-14,Call center 1,10603.0
2019-10-14,Call center 3,1.0
2019-10-14,Call center 2,19795.0
2019-10-15,Call center 2,75.0
2019-10-15,Call center 1,27268.0
2019-10-16,Call center 2,18531.0
2019-10-16,Call center 3,0.0
2019-10-16,Call center 1,8503.0
2019-10-17,Call center 3,0.0
2019-10-17,Call center 1,8832.0
2019-10-17,Call center 2,16401.0
2019-10-18,Call center 3,1.0
2019-10-18,Call center 1,8754.0
2019-10-18,Call center 2,17237.0
2019-10-19,Call center 1,15852.0
2019-10-19,Call center 2,54.0
2019-10-20,Call center 1,22.0
2019-10-21,Call center 3,0.0
2019-10-21,Call center 1,10764.0
2019-10-21,Call center 2,20548.0
2019-10-22,Call center 1,8200.0
2019-10-22,Call center 2,16872.0
2019-10-23,Call center 2,17691.0
2019-10-23,Call center 1,8390.0
2019-10-24,Call center 1,7587.0
2019-10-24,Call center 2,16243.0
2019-10-25,Call center 3,0.0
2019-10-25,Call center 1,8194.0
2019-10-25,Call center 2,15543.0
2019-10-26,Call center 2,40.0
2019-10-26,Call center 3,0.0
2019-10-26,Call center 1,13354.0
2019-10-27,Call center 1,12.0
2019-10-28,Call center 3,0.0
2019-10-28,Call center 1,9272.0
2019-10-28,Call center 2,21286.0
2019-10-29,Call center 1,6924.0
2019-10-29,Call center 2,19513.0
2019-10-29,Call center 3,0.0
2019-10-30,Call center 2,19678.0
2019-10-30,Call center 1,6639.0
2019-10-30,Call center 3,0.0
2019-10-31,Call center 1,7305.0
2019-10-31,Call center 2,22704.0
2019-11-01,Call center 1,0.0
2019-11-01,Call center 2,8.0
2019-11-02,Call center 3,2.0
2019-11-02,Call center 1,15534.0
2019-11-03,Call center 3,2.0
2019-11-04,Call center 2,29905.0
2019-11-04,Call center 1,10582.0
2019-11-05,Call center 3,0.0
2019-11-05,Call center 1,9197.0
2019-11-05,Call center 2,26824.0
2019-11-06,Call center 3,1.0
2019-11-06,Call center 1,9083.0
2019-11-06,Call center 2,26494.0
2019-11-07,Call center 2,23757.0
2019-11-07,Call center 1,8465.0
2019-11-08,Call center 1,7615.0
2019-11-08,Call center 2,21975.0
2019-11-09,Call center 3,1.0
2019-11-09,Call center 1,16249.0
2019-11-09,Call center 2,15.0
2019-11-10,Call center 3,1.0
2019-11-10,Call center 1,2.0
2019-11-12,Call center 3,1.0
2019-11-12,Call center 1,10612.0
2019-11-12,Call center 2,27963.0
2019-11-13,Call center 3,1.0
2019-11-13,Call center 1,8327.0
2019-11-13,Call center 2,22441.0
2019-11-14,Call center 1,7043.0
2019-11-14,Call center 2,20469.0
2019-11-15,Call center 2,18602.0
2019-11-15,Call center 1,6457.0
2019-11-16,Call center 3,0.0
2019-11-16,Call center 1,16782.0
2019-11-16,Call center 2,11.0
2019-11-17,Call center 1,4.0
2019-11-18,Call center 1,8320.0
2019-11-18,Call center 2,21454.0
2019-11-19,Call center 3,1.0
2019-11-19,Call center 1,5939.0
2019-11-19,Call center 2,18046.0
2019-11-20,Call center 1,6608.0
2019-11-20,Call center 2,19985.0
2019-11-21,Call center 1,6566.0
2019-11-21,Call center 2,18695.0
2019-11-22,Call center 1,6307.0
2019-11-22,Call center 2,18418.0
2019-11-22,Call center 3,1.0
2019-11-23,Call center 1,15353.0
2019-11-23,Call center 2,11.0
2019-11-24,Call center 1,7.0
2019-11-25,Call center 3,0.0
2019-11-25,Call center 1,8325.0
2019-11-25,Call center 2,21989.0
2019-11-26,Call center 1,6198.0
2019-11-26,Call center 2,19231.0
2019-11-27,Call center 1,6645.0
2019-11-27,Call center 2,21264.0
2019-11-28,Call center 1,6424.0
2019-11-28,Call center 2,18881.0
2019-11-29,Call center 2,19483.0
2019-11-29,Call center 1,6022.0
2019-11-30,Call center 1,16532.0
2019-12-01,Call center 1,11.0
2019-12-02,Call center 3,0.0
2019-12-02,Call center 1,8521.0
2019-12-02,Call center 2,22555.0
2019-12-03,Call center 1,6676.0
2019-12-03,Call center 2,19313.0
2019-12-04,Call center 1,7003.0
2019-12-04,Call center 2,20919.0
2019-12-05,Call center 2,14484.0
2019-12-05,Call center 1,6136.0
2019-12-06,Call center 1,6534.0
2019-12-06,Call center 2,19612.0
2019-12-07,Call center 3,0.0
2019-12-07,Call center 1,15104.0
2019-12-08,Call center 1,141.0
2019-12-09,Call center 2,22779.0
2019-12-09,Call center 1,8741.0
2019-12-10,Call center 2,21771.0
2019-12-10,Call center 1,3551.0
2019-12-11,Call center 1,6797.0
2019-12-11,Call center 2,20863.0
2019-12-12,Call center 1,6572.0
2019-12-12,Call center 2,18689.0
2019-12-13,Call center 1,5548.0
2019-12-13,Call center 2,17349.0
2019-12-14,Call center 3,0.0
2019-12-14,Call center 1,14531.0
2019-12-14,Call center 2,8.0
2019-12-15,Call center 3,1.0
2019-12-15,Call center 1,2.0
2019-12-16,Call center 3,1.0
2019-12-16,Call center 1,7660.0
2019-12-16,Call center 2,21089.0
2019-12-17,Call center 2,18763.0
2019-12-17,Call center 1,5851.0
2019-12-18,Call center 1,6252.0
2019-12-18,Call center 2,19254.0
2019-12-19,Call center 1,3477.0
2019-12-19,Call center 2,20034.0
2019-12-20,Call center 1,4807.0
2019-12-20,Call center 2,16635.0
2019-12-21,Call center 3,1.0
2019-12-21,Call center 1,13581.0
2019-12-22,Call center 1,3.0
2019-12-22,Call center 3,1.0
2019-12-23,Call center 1,6993.0
2019-12-23,Call center 2,17572.0
2019-12-24,Call center 1,3569.0
2019-12-24,Call center 2,8732.0
2019-12-25,Call center 3,1.0
2019-12-25,Call center 1,63.0
2019-12-26,Call center 2,19465.0
2019-12-26,Call center 3,1.0
2019-12-26,Call center 1,6466.0
2019-12-27,Call center 3,0.0
2019-12-27,Call center 1,5548.0
2019-12-27,Call center 2,19851.0
2019-12-28,Call center 3,0.0
2019-12-28,Call center 1,14092.0
2019-12-29,Call center 1,2.0
2019-12-30,Call center 1,8318.0
2019-12-30,Call center 2,22788.0
2019-12-31,Call center 1,4850.0
2019-12-31,Call center 2,11794.0
2020-01-02,Call center 1,6870.0
2020-01-02,Call center 2,26103.0
2020-01-03,Call center 2,22037.0
2020-01-03,Call center 1,6207.0
2020-01-04,Call center 2,12.0
2020-01-04,Call center 1,14098.0
2020-01-05,Call center 1,9.0
2020-01-06,Call center 1,8932.0
2020-01-06,Call center 2,24923.0
2020-01-07,Call center 1,7061.0
2020-01-07,Call center 2,21965.0
2020-01-08,Call center 1,6920.0
2020-01-08,Call center 2,21633.0
2020-01-09,Call center 1,6020.0
2020-01-09,Call center 2,18865.0
2020-01-10,Call center 3,0.0
2020-01-10,Call center 1,5937.0
2020-01-10,Call center 2,19113.0
2020-01-11,Call center 1,14871.0
2020-01-12,Call center 1,6.0
2020-01-13,Call center 2,22865.0
2020-01-13,Call center 1,8330.0
2020-01-14,Call center 1,6119.0
2020-01-14,Call center 2,20165.0
2020-01-15,Call center 1,6869.0
2020-01-15,Call center 2,21450.0
2020-01-16,Call center 3,1.0
2020-01-16,Call center 1,6292.0
2020-01-16,Call center 2,18563.0
2020-01-17,Call center 1,5575.0
2020-01-17,Call center 2,18462.0
2020-01-18,Call center 1,14044.0
2020-01-19,Call center 1,5.0
2020-01-20,Call center 1,8296.0
2020-01-20,Call center 2,22106.0
2020-01-21,Call center 2,18066.0
2020-01-21,Call center 1,6267.0
2020-01-22,Call center 2,18734.0
2020-01-22,Call center 3,1.0
2020-01-22,Call center 1,6211.0
2020-01-23,Call center 1,3032.0
2020-01-23,Call center 2,20219.0
2020-01-24,Call center 1,5350.0
2020-01-24,Call center 2,17787.0
2020-01-25,Call center 1,14620.0
2020-01-26,Call center 1,7.0
2020-01-27,Call center 1,8356.0
2020-01-27,Call center 2,22405.0
2020-01-28,Call center 3,1.0
2020-01-28,Call center 1,6212.0
2020-01-28,Call center 2,19509.0
2020-01-29,Call center 1,6381.0
2020-01-29,Call center 2,20785.0
2020-01-30,Call center 2,19969.0
2020-01-30,Call center 1,6109.0
2020-01-31,Call center 3,1.0
2020-01-31,Call center 1,5324.0
2020-01-31,Call center 2,18677.0
2020-02-01,Call center 1,15450.0
2020-02-01,Call center 2,2.0
2020-02-02,Call center 3,1.0
2020-02-02,Call center 1,2.0
2020-02-03,Call center 1,7786.0
2020-02-03,Call center 2,20293.0
2020-02-04,Call center 3,1.0
2020-02-04,Call center 1,6097.0
2020-02-04,Call center 2,18131.0
2020-02-05,Call center 1,6599.0
2020-02-05,Call center 3,1.0
2020-02-05,Call center 2,19297.0
2020-02-06,Call center 2,21862.0
2020-02-06,Call center 1,3871.0
2020-02-07,Call center 1,6210.0
2020-02-07,Call center 2,17871.0
2020-02-08,Call center 1,15483.0
2020-02-09,Call center 1,8.0
2020-02-10,Call center 1,7862.0
2020-02-10,Call center 2,22758.0
2020-02-11,Call center 1,6903.0
2020-02-11,Call center 2,19706.0
2020-02-12,Call center 1,7503.0
2020-02-12,Call center 2,20662.0
2020-02-13,Call center 2,19580.0
2020-02-13,Call center 3,1.0
2020-02-13,Call center 1,6954.0
2020-02-14,Call center 2,17000.0
2020-02-14,Call center 1,6229.0
2020-02-15,Call center 3,2.0
2020-02-15,Call center 1,13050.0
2020-02-16,Call center 1,4.0
2020-02-17,Call center 1,7827.0
2020-02-17,Call center 2,22527.0
2020-02-18,Call center 1,6067.0
2020-02-18,Call center 2,18832.0
2020-02-19,Call center 1,7111.0
2020-02-19,Call center 2,20531.0
2020-02-20,Call center 1,6728.0
2020-02-20,Call center 2,17889.0
2020-02-21,Call center 1,5544.0
2020-02-21,Call center 3,1.0
2020-02-21,Call center 2,16526.0
2020-02-22,Call center 2,8.0
2020-02-22,Call center 1,12697.0
2020-02-23,Call center 1,10.0
2020-02-24,Call center 1,26786.0
2020-02-24,Call center 3,2.0
2020-02-25,Call center 1,23809.0
2020-02-26,Call center 3,3.0
2020-02-26,Call center 1,27906.0
2020-02-27,Call center 1,7128.0
2020-02-27,Call center 2,21806.0
2020-02-28,Call center 1,6105.0
2020-02-28,Call center 2,17616.0
2020-02-29,Call center 1,12810.0
2020-02-29,Call center 2,15.0
2020-03-01,Call center 1,4.0
2020-03-02,Call center 1,8616.0
2020-03-02,Call center 2,23091.0
2020-03-03,Call center 1,6231.0
2020-03-03,Call center 2,18461.0
2020-03-04,Call center 2,20170.0
2020-03-04,Call center 1,6821.0
2020-03-05,Call center 1,6770.0
2020-03-05,Call center 2,19687.0
2020-03-06,Call center 1,5603.0
2020-03-06,Call center 2,17517.0
2020-03-07,Call center 1,14270.0
2020-03-07,Call center 2,10.0
2020-03-08,Call center 1,13.0
2020-03-09,Call center 1,7888.0
2020-03-09,Call center 2,19859.0
2020-03-10,Call center 1,6105.0
2020-03-10,Call center 2,17887.0
2020-03-11,Call center 1,6239.0
2020-03-11,Call center 2,18951.0
2020-03-12,Call center 1,6050.0
2020-03-12,Call center 2,16746.0
2020-03-12,Call center 3,1.0
2020-03-13,Call center 2,14678.0
2020-03-13,Call center 3,1.0
2020-03-13,Call center 1,4991.0
2020-03-14,Call center 1,14431.0
2020-03-15,Call center 1,10.0
2020-03-16,Call center 1,8773.0
2020-03-16,Call center 2,19796.0
2020-03-17,Call center 1,6712.0
2020-03-17,Call center 2,18250.0
2020-03-18,Call center 2,18864.0
2020-03-18,Call center 1,7056.0
2020-03-18,Call center 3,1.0
2020-03-19,Call center 1,6793.0
2020-03-19,Call center 2,14531.0
2020-03-20,Call center 1,4581.0
2020-03-20,Call center 2,14164.0
2020-03-21,Call center 1,11760.0
2020-03-22,Call center 1,2.0
2020-03-23,Call center 2,22865.0
2020-03-23,Call center 1,7726.0
2020-03-24,Call center 1,7775.0
2020-03-24,Call center 2,21947.0
2020-03-25,Call center 1,8013.0
2020-03-25,Call center 2,20505.0
2020-03-26,Call center 1,8117.0
2020-03-26,Call center 2,22273.0
2020-03-27,Call center 3,1.0
2020-03-27,Call center 1,7321.0
2020-03-27,Call center 2,20299.0
2020-03-28,Call center 1,12358.0
2020-03-28,Call center 2,2.0
2020-03-29,Call center 1,4.0
2020-03-30,Call center 2,18015.0
2020-03-30,Call center 1,9626.0
2020-03-31,Call center 2,16310.0
2020-03-31,Call center 1,8706.0
2020-04-01,Call center 1,8679.0
2020-04-01,Call center 2,16673.0
2020-04-02,Call center 1,9940.0
2020-04-02,Call center 2,17797.0
2020-04-03,Call center 1,8564.0
2020-04-03,Call center 2,14589.0
2020-04-04,Call center 1,9689.0
2020-04-04,Call center 2,27.0
2020-04-05,Call center 1,15.0
2020-04-06,Call center 1,8647.0
2020-04-06,Call center 2,14384.0
2020-04-07,Call center 1,8113.0
2020-04-07,Call center 2,13269.0
2020-04-08,Call center 3,0.0
2020-04-08,Call center 1,8124.0
2020-04-08,Call center 2,13891.0
2020-04-09,Call center 2,13230.0
2020-04-09,Call center 1,7664.0
2020-04-10,Call center 3,0.0
2020-04-10,Call center 1,8056.0
2020-04-10,Call center 2,13463.0
2020-04-11,Call center 1,9222.0
2020-04-11,Call center 2,4.0
2020-04-12,Call center 1,5.0
2020-04-14,Call center 1,15147.0
2020-04-14,Call center 2,20309.0
2020-04-15,Call center 1,9477.0
2020-04-15,Call center 2,18096.0
2020-04-16,Call center 1,9201.0
2020-04-16,Call center 2,15198.0
2020-04-17,Call center 3,0.0
2020-04-17,Call center 1,8016.0
2020-04-17,Call center 2,14644.0
2020-04-18,Call center 2,14.0
2020-04-18,Call center 1,11281.0
2020-04-19,Call center 1,7.0
2020-04-20,Call center 1,11696.0
2020-04-20,Call center 2,16912.0
2020-04-21,Call center 1,7572.0
2020-04-21,Call center 2,14779.0
2020-04-22,Call center 1,8830.0
2020-04-22,Call center 2,16348.0
2020-04-23,Call center 1,9190.0
2020-04-23,Call center 2,16854.0
2020-04-24,Call center 1,8159.0
2020-04-24,Call center 2,14784.0
2020-04-25,Call center 1,10747.0
2020-04-25,Call center 2,18.0
2020-04-26,Call center 1,7.0
2020-04-27,Call center 2,17546.0
2020-04-27,Call center 1,10966.0
2020-04-27,Call center 3,0.0
2020-04-28,Call center 1,8379.0
2020-04-28,Call center 2,14846.0
2020-04-29,Call center 1,8945.0
2020-04-29,Call center 2,16653.0
2020-04-30,Call center 1,9023.0
2020-04-30,Call center 2,17006.0
2020-05-01,Call center 2,35.0
2020-05-02,Call center 1,13004.0
2020-05-03,Call center 1,10.0
2020-05-04,Call center 1,11222.0
2020-05-04,Call center 2,19036.0
2020-05-05,Call center 3,1.0
2020-05-05,Call center 2,21038.0
2020-05-05,Call center 1,10559.0
2020-05-06,Call center 2,20029.0
2020-05-06,Call center 1,11171.0
2020-05-07,Call center 1,12170.0
2020-05-07,Call center 2,21677.0
2020-05-08,Call center 1,4.0
2020-05-08,Call center 2,51.0
2020-05-09,Call center 1,16677.0
2020-05-10,Call center 1,7.0
2020-05-11,Call center 1,17930.0
2020-05-11,Call center 2,32122.0
2020-05-12,Call center 1,16219.0
2020-05-12,Call center 2,28694.0
2020-05-13,Call center 1,16092.0
2020-05-13,Call center 2,27765.0
2020-05-14,Call center 1,15160.0
2020-05-14,Call center 2,25042.0
2020-05-15,Call center 2,20760.0
2020-05-15,Call center 1,12786.0
2020-05-16,Call center 1,12170.0
2020-05-16,Call center 2,28.0
2020-05-17,Call center 1,19.0
2020-05-18,Call center 1,14844.0
2020-05-18,Call center 2,25441.0
2020-05-19,Call center 2,21668.0
2020-05-19,Call center 3,0.0
2020-05-19,Call center 1,11799.0
2020-05-20,Call center 3,0.0
2020-05-20,Call center 1,11872.0
2020-05-20,Call center 2,22092.0
2020-05-21,Call center 2,50.0
2020-05-22,Call center 1,14642.0
2020-05-22,Call center 2,23296.0
2020-05-22,Call center 3,3.0
2020-05-23,Call center 2,29.0
2020-05-23,Call center 1,13835.0
2020-05-24,Call center 1,13.0
2020-05-25,Call center 1,21031.0
2020-05-25,Call center 2,36608.0
2020-05-26,Call center 3,0.0
2020-05-26,Call center 1,17070.0
2020-05-26,Call center 2,31014.0
2020-05-27,Call center 1,17322.0
2020-05-27,Call center 2,29158.0
2020-05-28,Call center 3,0.0
2020-05-28,Call center 1,16411.0
2020-05-28,Call center 2,27358.0
2020-05-29,Call center 1,12137.0
2020-05-29,Call center 2,23835.0
2020-05-30,Call center 1,13916.0
2020-05-30,Call center 2,27.0
2020-05-31,Call center 1,18.0
2020-06-02,Call center 1,21606.0
2020-06-02,Call center 2,33557.0
2020-06-03,Call center 1,14505.0
2020-06-03,Call center 2,25778.0
2020-06-04,Call center 1,13437.0
2020-06-04,Call center 2,24624.0
2020-06-05,Call center 1,11806.0
2020-06-05,Call center 2,19730.0
2020-06-06,Call center 3,0.0
2020-06-06,Call center 1,13375.0
2020-06-06,Call center 2,61.0
2020-06-07,Call center 1,20.0
2020-06-08,Call center 1,14249.0
2020-06-08,Call center 2,25818.0
2020-06-09,Call center 1,11863.0
2020-06-09,Call center 2,22311.0
2020-06-09,Call center 3,0.0
2020-06-10,Call center 3,0.0
2020-06-10,Call center 1,35576.0
2020-06-10,Call center 2,94.0
2020-06-11,Call center 1,11713.0
2020-06-11,Call center 2,22562.0
2020-06-12,Call center 3,0.0
2020-06-12,Call center 1,11376.0
2020-06-12,Call center 2,21565.0
2020-06-13,Call center 1,13900.0
2020-06-13,Call center 2,66.0
2020-06-14,Call center 1,9.0
2020-06-15,Call center 1,15562.0
2020-06-15,Call center 2,27173.0
2020-06-16,Call center 2,22810.0
2020-06-16,Call center 1,11722.0
2020-06-16,Call center 3,0.0
2020-06-17,Call center 1,12229.0
2020-06-17,Call center 2,23703.0
2020-06-18,Call center 3,0.0
2020-06-18,Call center 1,12013.0
2020-06-18,Call center 2,21833.0
2020-06-19,Call center 3,0.0
2020-06-19,Call center 1,10799.0
2020-06-19,Call center 2,19777.0
2020-06-20,Call center 1,11788.0
2020-06-20,Call center 2,45.0
2020-06-21,Call center 1,17.0
2020-06-22,Call center 3,0.0
2020-06-22,Call center 1,12866.0
2020-06-22,Call center 2,23731.0
2020-06-23,Call center 2,19089.0
2020-06-23,Call center 1,10836.0
2020-06-24,Call center 1,12108.0
2020-06-24,Call center 2,20988.0
2020-06-25,Call center 1,10878.0
2020-06-25,Call center 2,21286.0
2020-06-26,Call center 1,11775.0
2020-06-26,Call center 2,20043.0
2020-06-27,Call center 1,14995.0
2020-06-27,Call center 2,55.0
2020-06-28,Call center 1,30.0
2020-06-29,Call center 1,15740.0
2020-06-29,Call center 2,26692.0
2020-06-30,Call center 1,12353.0
2020-06-30,Call center 2,23497.0
2020-07-01,Call center 1,13405.0
2020-07-01,Call center 2,26945.0
2020-07-02,Call center 2,26751.0
2020-07-02,Call center 1,14932.0
2020-07-03,Call center 3,0.0
2020-07-03,Call center 1,13563.0
2020-07-03,Call center 2,23185.0
2020-07-04,Call center 1,16023.0
2020-07-04,Call center 2,49.0
2020-07-05,Call center 1,12.0
2020-07-06,Call center 3,0.0
2020-07-06,Call center 1,16643.0
2020-07-06,Call center 2,29738.0
2020-07-07,Call center 3,0.0
2020-07-07,Call center 1,13019.0
2020-07-07,Call center 2,25332.0
2020-07-08,Call center 1,14932.0
2020-07-08,Call center 2,25568.0
2020-07-09,Call center 1,13938.0
2020-07-09,Call center 2,23099.0
2020-07-10,Call center 2,21875.0
2020-07-10,Call center 1,12212.0
2020-07-11,Call center 2,59.0
2020-07-11,Call center 3,0.0
2020-07-11,Call center 1,15615.0
2020-07-12,Call center 1,16.0
2020-07-13,Call center 3,1.0
2020-07-13,Call center 1,12743.0
2020-07-13,Call center 2,21993.0
2020-07-14,Call center 1,0.0
2020-07-14,Call center 2,76.0
2020-07-15,Call center 3,4.0
2020-07-15,Call center 1,15706.0
2020-07-15,Call center 2,35097.0
2020-07-16,Call center 1,14070.0
2020-07-16,Call center 2,22947.0
2020-07-17,Call center 1,11135.0
2020-07-17,Call center 2,20247.0
2020-07-18,Call center 1,13520.0
2020-07-18,Call center 2,42.0
2020-07-19,Call center 1,14.0
2020-07-20,Call center 1,13549.0
2020-07-20,Call center 2,23234.0
2020-07-21,Call center 1,11229.0
2020-07-21,Call center 2,23775.0
2020-07-22,Call center 1,12160.0
2020-07-22,Call center 2,25420.0
2020-07-23,Call center 3,0.0
2020-07-23,Call center 1,13551.0
2020-07-23,Call center 2,27169.0
2020-07-24,Call center 1,13313.0
2020-07-24,Call center 2,24542.0
2020-07-25,Call center 3,1.0
2020-07-25,Call center 1,15363.0
2020-07-25,Call center 2,68.0
2020-07-26,Call center 1,25.0
2020-07-27,Call center 2,26990.0
2020-07-27,Call center 1,15574.0
2020-07-27,Call center 3,0.0
2020-07-28,Call center 3,0.0
2020-07-28,Call center 1,12575.0
2020-07-28,Call center 2,24628.0
2020-07-29,Call center 3,0.0
2020-07-29,Call center 1,12418.0
2020-07-29,Call center 2,25164.0
2020-07-30,Call center 3,0.0
2020-07-30,Call center 1,12753.0
2020-07-30,Call center 2,24226.0
2020-07-31,Call center 1,10303.0
2020-07-31,Call center 2,20342.0
2020-08-01,Call center 1,15420.0
2020-08-01,Call center 2,64.0
2020-08-02,Call center 1,29.0
2020-08-03,Call center 2,28607.0
2020-08-03,Call center 1,15220.0
2020-08-04,Call center 1,12737.0
2020-08-04,Call center 2,24657.0
2020-08-05,Call center 1,13156.0
2020-08-05,Call center 2,24898.0
2020-08-06,Call center 1,13378.0
2020-08-06,Call center 2,25121.0
2020-08-07,Call center 2,19641.0
2020-08-07,Call center 1,11717.0
2020-08-08,Call center 1,13583.0
2020-08-08,Call center 2,44.0
2020-08-09,Call center 1,14.0
2020-08-10,Call center 1,12914.0
2020-08-10,Call center 2,21366.0
2020-08-11,Call center 2,18624.0
2020-08-11,Call center 1,10318.0
2020-08-12,Call center 2,20875.0
2020-08-12,Call center 1,11485.0
2020-08-13,Call center 1,11070.0
2020-08-13,Call center 2,19566.0
2020-08-14,Call center 3,0.0
2020-08-14,Call center 1,9985.0
2020-08-14,Call center 2,17841.0
2020-08-15,Call center 1,8.0
2020-08-15,Call center 2,11.0
2020-08-16,Call center 3,1.0
2020-08-17,Call center 3,0.0
2020-08-17,Call center 1,18420.0
2020-08-17,Call center 2,30023.0
2020-08-18,Call center 1,13266.0
2020-08-18,Call center 2,25672.0
2020-08-19,Call center 1,13100.0
2020-08-19,Call center 2,25644.0
2020-08-20,Call center 2,18777.0
2020-08-20,Call center 1,11296.0
2020-08-21,Call center 1,9447.0
2020-08-21,Call center 2,18457.0
2020-08-22,Call center 3,0.0
2020-08-22,Call center 1,13934.0
2020-08-22,Call center 2,37.0
2020-08-23,Call center 1,24.0
2020-08-24,Call center 2,22320.0
2020-08-24,Call center 1,13307.0
2020-08-25,Call center 1,10422.0
2020-08-25,Call center 2,20900.0
2020-08-26,Call center 3,1.0
2020-08-26,Call center 1,11959.0
2020-08-26,Call center 2,21537.0
2020-08-27,Call center 2,23367.0
2020-08-27,Call center 1,11581.0
2020-08-28,Call center 2,20429.0
2020-08-28,Call center 1,12124.0
2020-08-29,Call center 3,0.0
2020-08-29,Call center 1,16335.0
2020-08-29,Call center 2,31.0
2020-08-30,Call center 1,21.0
2020-08-31,Call center 3,0.0
2020-08-31,Call center 1,14227.0
2020-08-31,Call center 2,25164.0
2020-09-01,Call center 1,10554.0
2020-09-01,Call center 2,20844.0
2020-09-02,Call center 3,0.0
2020-09-02,Call center 1,11120.0
2020-09-02,Call center 2,20933.0
2020-09-03,Call center 3,0.0
2020-09-03,Call center 1,10340.0
2020-09-03,Call center 2,19687.0
2020-09-04,Call center 2,19643.0
2020-09-04,Call center 3,0.0
2020-09-04,Call center 1,10779.0
2020-09-05,Call center 1,15718.0
2020-09-05,Call center 2,50.0
2020-09-06,Call center 1,16.0
2020-09-07,Call center 3,0.0
2020-09-07,Call center 1,13516.0
2020-09-07,Call center 2,22639.0
2020-09-08,Call center 1,11072.0
2020-09-08,Call center 2,20646.0
2020-09-09,Call center 1,10467.0
2020-09-09,Call center 2,22234.0
2020-09-10,Call center 2,20961.0
2020-09-10,Call center 3,0.0
2020-09-10,Call center 1,11487.0
2020-09-11,Call center 2,20123.0
2020-09-11,Call center 1,10391.0
2020-09-12,Call center 1,16770.0
2020-09-12,Call center 2,65.0
2020-09-13,Call center 1,29.0
2020-09-14,Call center 3,0.0
2020-09-14,Call center 1,13865.0
2020-09-14,Call center 2,23143.0
2020-09-15,Call center 1,10251.0
2020-09-15,Call center 2,19737.0
2020-09-16,Call center 1,10865.0
2020-09-16,Call center 2,19937.0
2020-09-17,Call center 1,10572.0
2020-09-17,Call center 2,18930.0
2020-09-18,Call center 1,10790.0
2020-09-18,Call center 2,19226.0
2020-09-19,Call center 2,38.0
2020-09-19,Call center 1,15198.0
2020-09-20,Call center 1,19.0
2020-09-21,Call center 3,0.0
2020-09-21,Call center 1,13074.0
2020-09-21,Call center 2,21433.0
2020-09-22,Call center 3,0.0
2020-09-22,Call center 1,10036.0
2020-09-22,Call center 2,20110.0
2020-09-23,Call center 1,11010.0
2020-09-23,Call center 2,20875.0
2020-09-24,Call center 3,0.0
2020-09-24,Call center 1,10405.0
2020-09-24,Call center 2,19009.0
2020-09-25,Call center 1,10988.0
2020-09-25,Call center 2,20554.0
2020-09-26,Call center 1,16820.0
2020-09-26,Call center 2,23.0
2020-09-27,Call center 1,18.0
2020-09-28,Call center 1,12754.0
2020-09-28,Call center 2,22648.0
2020-09-29,Call center 3,0.0
2020-09-29,Call center 1,10373.0
2020-09-29,Call center 2,20353.0
2020-09-30,Call center 1,12166.0
2020-09-30,Call center 2,22042.0
2020-10-01,Call center 1,11404.0
2020-10-01,Call center 2,21139.0
2020-10-02,Call center 1,10466.0
2020-10-02,Call center 2,20604.0
2020-10-03,Call center 1,16228.0
2020-10-03,Call center 2,31.0
2020-10-04,Call center 3,0.0
2020-10-04,Call center 1,19.0
2020-10-05,Call center 2,24345.0
2020-10-05,Call center 1,14041.0
2020-10-06,Call center 3,0.0
2020-10-06,Call center 1,10422.0
2020-10-06,Call center 2,20939.0
2020-10-07,Call center 3,0.0
2020-10-07,Call center 1,10973.0
2020-10-07,Call center 2,20921.0
2020-10-08,Call center 1,10264.0
2020-10-08,Call center 2,19229.0
2020-10-09,Call center 1,9547.0
2020-10-09,Call center 2,19518.0
2020-10-10,Call center 1,15492.0
2020-10-10,Call center 2,32.0
2020-10-11,Call center 1,21.0
2020-10-12,Call center 1,14638.0
2020-10-12,Call center 2,21824.0
2020-10-13,Call center 2,19030.0
2020-10-13,Call center 1,9419.0
2020-10-14,Call center 1,9789.0
2020-10-14,Call center 2,22975.0
2020-10-15,Call center 1,28946.0
2020-10-15,Call center 2,27.0
2020-10-16,Call center 1,8929.0
2020-10-16,Call center 2,18267.0
2020-10-17,Call center 1,14696.0
2020-10-17,Call center 2,38.0
2020-10-18,Call center 1,18.0
2020-10-19,Call center 1,12013.0
2020-10-19,Call center 2,20680.0
2020-10-20,Call center 3,0.0
2020-10-20,Call center 1,9774.0
2020-10-20,Call center 2,20066.0
2020-10-21,Call center 2,19718.0
2020-10-21,Call center 1,10227.0
2020-10-22,Call center 1,9577.0
2020-10-22,Call center 2,17941.0
2020-10-23,Call center 1,9603.0
2020-10-23,Call center 2,19596.0
2020-10-24,Call center 1,14098.0
2020-10-24,Call center 2,21.0
2020-10-25,Call center 1,22.0
2020-10-26,Call center 1,10498.0
2020-10-26,Call center 2,25444.0
2020-10-27,Call center 3,0.0
2020-10-27,Call center 1,8877.0
2020-10-27,Call center 2,25228.0
2020-10-28,Call center 1,7756.0
2020-10-28,Call center 2,26041.0
2020-10-29,Call center 2,23654.0
2020-10-29,Call center 1,11234.0
2020-10-30,Call center 2,30667.0
2020-10-30,Call center 1,10299.0
2020-10-31,Call center 1,19555.0
2020-11-01,Call center 1,6.0
2020-11-02,Call center 1,10927.0
2020-11-02,Call center 2,28953.0
2020-11-03,Call center 3,1.0
2020-11-03,Call center 1,9071.0
2020-11-03,Call center 2,27166.0
2020-11-04,Call center 1,8392.0
2020-11-04,Call center 2,25667.0
2020-11-05,Call center 1,9234.0
2020-11-05,Call center 2,24449.0
2020-11-06,Call center 1,8314.0
2020-11-06,Call center 2,25140.0
2020-11-07,Call center 1,20159.0
2020-11-08,Call center 1,11.0
2020-11-09,Call center 3,0.0
2020-11-09,Call center 1,10835.0
2020-11-09,Call center 2,27544.0
2020-11-10,Call center 3,0.0
2020-11-10,Call center 1,8085.0
2020-11-10,Call center 2,23835.0
2020-11-11,Call center 1,7.0
2020-11-12,Call center 3,1.0
2020-11-12,Call center 1,15319.0
2020-11-12,Call center 2,36411.0
2020-11-13,Call center 1,9109.0
2020-11-13,Call center 2,27538.0
2020-11-14,Call center 3,1.0
2020-11-14,Call center 1,16883.0
2020-11-15,Call center 1,4.0
2020-11-16,Call center 2,31053.0
2020-11-16,Call center 1,10917.0
2020-11-16,Call center 3,0.0
2020-11-17,Call center 1,7475.0
2020-11-17,Call center 2,27537.0
2020-11-18,Call center 3,1.0
2020-11-18,Call center 1,8278.0
2020-11-18,Call center 2,22906.0
2020-11-19,Call center 3,2.0
2020-11-19,Call center 1,7468.0
2020-11-19,Call center 2,22002.0
2020-11-20,Call center 1,7098.0
2020-11-20,Call center 2,21466.0
2020-11-21,Call center 3,0.0
2020-11-21,Call center 1,15066.0
2020-11-22,Call center 1,9.0
2020-11-23,Call center 1,9025.0
2020-11-23,Call center 2,24139.0
2020-11-23,Call center 3,0.0
2020-11-24,Call center 3,1.0
2020-11-24,Call center 1,7096.0
2020-11-24,Call center 2,21243.0
2020-11-25,Call center 3,0.0
2020-11-25,Call center 1,7821.0
2020-11-25,Call center 2,22835.0
2020-11-26,Call center 2,21047.0
2020-11-26,Call center 1,6911.0
2020-11-27,Call center 3,0.0
2020-11-27,Call center 1,7124.0
2020-11-27,Call center 2,21354.0
2020-11-28,Call center 1,13884.0
2020-11-28,Call center 2,10.0
2020-11-29,Call center 1,8.0
2020-11-29,Call center 3,1.0
2020-11-30,Call center 2,23621.0
2020-11-30,Call center 3,0.0
2020-11-30,Call center 1,8654.0
2020-12-01,Call center 3,1.0
2020-12-01,Call center 1,6953.0
2020-12-01,Call center 2,20226.0
2020-12-02,Call center 1,7135.0
2020-12-02,Call center 2,22078.0
2020-12-03,Call center 1,7990.0
2020-12-03,Call center 2,22978.0
2020-12-04,Call center 3,0.0
2020-12-04,Call center 1,7513.0
2020-12-04,Call center 2,23756.0
2020-12-05,Call center 1,17027.0
2020-12-06,Call center 1,12.0
2020-12-07,Call center 2,27794.0
2020-12-07,Call center 1,9024.0
2020-12-08,Call center 1,7675.0
2020-12-08,Call center 2,22376.0
2020-12-09,Call center 3,1.0
2020-12-09,Call center 1,7668.0
2020-12-09,Call center 2,23515.0
2020-12-10,Call center 1,7319.0
2020-12-10,Call center 2,21753.0
2020-12-11,Call center 1,7403.0
2020-12-11,Call center 2,24258.0
2020-12-12,Call center 1,17630.0
2020-12-12,Call center 2,7.0
2020-12-13,Call center 1,10.0
2020-12-14,Call center 2,26499.0
2020-12-14,Call center 1,9342.0
2020-12-15,Call center 1,4181.0
2020-12-15,Call center 2,26426.0
2020-12-15,Call center 3,0.0
2020-12-16,Call center 1,8032.0
2020-12-16,Call center 2,23838.0
2020-12-17,Call center 3,0.0
2020-12-17,Call center 1,7706.0
2020-12-17,Call center 2,21980.0
2020-12-18,Call center 1,6970.0
2020-12-18,Call center 2,19213.0
2020-12-19,Call center 3,0.0
2020-12-19,Call center 1,15300.0
2020-12-19,Call center 2,9.0
2020-12-20,Call center 3,1.0
2020-12-20,Call center 1,3.0
2020-12-21,Call center 1,7819.0
2020-12-21,Call center 2,24227.0
2020-12-22,Call center 2,20379.0
2020-12-22,Call center 1,6403.0
2020-12-23,Call center 1,6104.0
2020-12-23,Call center 2,17600.0
2020-12-24,Call center 3,1.0
2020-12-24,Call center 1,4348.0
2020-12-24,Call center 2,10449.0
2020-12-25,Call center 1,81.0
2020-12-26,Call center 1,15455.0
2020-12-27,Call center 3,0.0
2020-12-27,Call center 1,8.0
2020-12-28,Call center 1,8829.0
2020-12-28,Call center 2,28462.0
2020-12-29,Call center 1,6867.0
2020-12-29,Call center 2,24983.0
2020-12-30,Call center 2,23027.0
2020-12-30,Call center 1,7000.0
2020-12-30,Call center 3,0.0
2020-12-31,Call center 1,5401.0
2020-12-31,Call center 2,13758.0
2021-01-01,Call center 1,2.0
2021-01-02,Call center 1,14929.0
2021-01-03,Call center 1,12.0
2021-01-04,Call center 1,10213.0
2021-01-04,Call center 2,33140.0
2021-01-05,Call center 1,8379.0
2021-01-05,Call center 2,28161.0
2021-01-06,Call center 3,0.0
2021-01-06,Call center 1,8255.0
2021-01-06,Call center 2,25579.0
2021-01-07,Call center 1,7423.0
2021-01-07,Call center 2,23067.0
2021-01-08,Call center 2,22711.0
2021-01-08,Call center 1,7340.0
2021-01-09,Call center 1,15049.0
2021-01-10,Call center 1,6.0
2021-01-11,Call center 3,0.0
2021-01-11,Call center 1,8947.0
2021-01-11,Call center 2,25687.0
2021-01-12,Call center 3,2.0
2021-01-12,Call center 1,7178.0
2021-01-12,Call center 2,22812.0
2021-01-13,Call center 1,7914.0
2021-01-13,Call center 2,24078.0
2021-01-14,Call center 3,0.0
2021-01-14,Call center 1,7160.0
2021-01-14,Call center 2,21568.0
2021-01-15,Call center 2,21094.0
2021-01-15,Call center 1,6631.0
2021-01-16,Call center 1,13964.0
2021-01-16,Call center 2,8.0
2021-01-16,Call center 3,2.0
2021-01-17,Call center 3,2.0
2021-01-17,Call center 1,4.0
2021-01-18,Call center 1,8829.0
2021-01-18,Call center 2,25705.0
2021-01-19,Call center 1,6984.0
2021-01-19,Call center 2,23559.0
2021-01-20,Call center 1,7634.0
2021-01-20,Call center 2,22989.0
2021-01-21,Call center 3,0.0
2021-01-21,Call center 1,7656.0
2021-01-21,Call center 2,23862.0
2021-01-22,Call center 3,3.0
2021-01-22,Call center 1,7445.0
2021-01-22,Call center 2,22959.0
2021-01-23,Call center 2,7.0
2021-01-23,Call center 1,15450.0
2021-01-24,Call center 3,1.0
2021-01-24,Call center 1,3.0
2021-01-25,Call center 3,0.0
2021-01-25,Call center 1,9026.0
2021-01-25,Call center 2,26109.0
2021-01-26,Call center 1,7229.0
2021-01-26,Call center 2,22590.0
2021-01-27,Call center 3,0.0
2021-01-27,Call center 1,7671.0
2021-01-27,Call center 2,22620.0
2021-01-28,Call center 3,0.0
2021-01-28,Call center 1,7130.0
2021-01-28,Call center 2,21831.0
2021-01-29,Call center 1,7263.0
2021-01-29,Call center 2,21992.0
2021-01-30,Call center 1,16075.0
2021-01-31,Call center 1,10.0
2021-02-01,Call center 3,0.0
2021-02-01,Call center 1,9547.0
2021-02-01,Call center 2,26745.0
2021-02-02,Call center 1,7255.0
2021-02-02,Call center 2,24624.0
2021-02-03,Call center 1,7946.0
2021-02-03,Call center 2,23466.0
2021-02-04,Call center 3,0.0
2021-02-04,Call center 1,7236.0
2021-02-04,Call center 2,20597.0
2021-02-05,Call center 1,7412.0
2021-02-05,Call center 2,21522.0
2021-02-06,Call center 1,14975.0
2021-02-07,Call center 1,6.0
2021-02-07,Call center 3,1.0
2021-02-08,Call center 1,9776.0
2021-02-08,Call center 2,28588.0
2021-02-09,Call center 3,1.0
2021-02-09,Call center 1,7580.0
2021-02-09,Call center 2,31736.0
2021-02-10,Call center 1,8906.0
2021-02-10,Call center 2,25921.0
2021-02-11,Call center 1,7900.0
2021-02-11,Call center 2,21164.0
2021-02-12,Call center 1,7225.0
2021-02-12,Call center 2,19911.0
2021-02-13,Call center 3,0.0
2021-02-13,Call center 1,13268.0
2021-02-14,Call center 1,5.0
2021-02-15,Call center 3,5.0
2021-02-15,Call center 1,31515.0
2021-02-16,Call center 1,26547.0
2021-02-16,Call center 3,5.0
2021-02-17,Call center 3,2.0
2021-02-17,Call center 1,28377.0
2021-02-18,Call center 3,0.0
2021-02-18,Call center 1,7979.0
2021-02-18,Call center 2,21152.0
2021-02-19,Call center 1,6596.0
2021-02-19,Call center 2,22849.0
2021-02-20,Call center 3,1.0
2021-02-20,Call center 1,13052.0
2021-02-21,Call center 1,6.0
2021-02-22,Call center 1,8935.0
2021-02-22,Call center 2,23798.0
2021-02-23,Call center 1,6820.0
2021-02-23,Call center 2,18569.0
2021-02-24,Call center 2,18295.0
2021-02-24,Call center 3,0.0
2021-02-24,Call center 1,7855.0
2021-02-25,Call center 3,0.0
2021-02-25,Call center 1,8116.0
2021-02-25,Call center 2,18490.0
2021-02-26,Call center 3,0.0
2021-02-26,Call center 1,7054.0
2021-02-26,Call center 2,19020.0
2021-02-27,Call center 1,13258.0
2021-02-28,Call center 3,2.0
2021-02-28,Call center 1,12.0
2021-03-01,Call center 3,1.0
2021-03-01,Call center 1,9262.0
2021-03-01,Call center 2,22927.0
2021-03-02,Call center 2,19769.0
2021-03-02,Call center 1,7505.0
2021-03-02,Call center 3,0.0
2021-03-03,Call center 1,8098.0
2021-03-03,Call center 2,19944.0
2021-03-04,Call center 3,1.0
2021-03-04,Call center 1,7647.0
2021-03-04,Call center 2,18675.0
2021-03-05,Call center 1,7271.0
2021-03-05,Call center 2,19060.0
2021-03-06,Call center 1,13771.0
2021-03-06,Call center 2,19.0
2021-03-07,Call center 1,10.0
2021-03-08,Call center 1,9524.0
2021-03-08,Call center 2,22858.0
2021-03-08,Call center 3,0.0
2021-03-09,Call center 3,0.0
2021-03-09,Call center 1,7300.0
2021-03-09,Call center 2,19845.0
2021-03-10,Call center 1,7524.0
2021-03-10,Call center 2,19284.0
2021-03-11,Call center 3,1.0
2021-03-11,Call center 1,7536.0
2021-03-11,Call center 2,19635.0
2021-03-12,Call center 3,3.0
2021-03-12,Call center 1,7285.0
2021-03-12,Call center 2,18837.0
2021-03-13,Call center 1,12865.0
2021-03-13,Call center 3,0.0
2021-03-14,Call center 1,8.0
2021-03-15,Call center 1,9219.0
2021-03-15,Call center 3,0.0
2021-03-15,Call center 2,24144.0
2021-03-16,Call center 1,7147.0
2021-03-16,Call center 3,0.0
2021-03-16,Call center 2,20532.0
2021-03-17,Call center 1,7350.0
2021-03-17,Call center 3,1.0
2021-03-17,Call center 2,19858.0
2021-03-18,Call center 1,7227.0
2021-03-18,Call center 3,1.0
2021-03-18,Call center 2,18557.0
